{"cameraMode":{"drawMode":0,"name":"Shaded","section":"Shading Mode"},"sceneLighting":true,"audioPlay":false,"sceneViewState":{"showFog":true,"showMaterialUpdate":false,"showSkybox":true,"showFlares":true,"showImageEffects":true,"showParticleSystems":true},"in2DMode":false,"pivot":{"x":0.47082698345184328,"y":3.724792718887329,"z":-10.321338653564454},"rotation":{"x":-0.1872878223657608,"y":0.28193342685699465,"z":-0.05621515214443207,"w":-0.9392994046211243},"size":2.8578836917877199,"orthographic":false}